title,company,location,link
Senior Android Engineer,Livefront,"Minneapolis, MN",https://stackoverflow.com/jobs/521510
Software Engineer - Full Stack,Sector Labs,"Dubai, United Arab Emirates",https://stackoverflow.com/jobs/528405
Support Engineer,Apicbase Belgium,No office location,https://stackoverflow.com/jobs/538609
Ruby on Rails Developer,Imaginary Cloud,"Lisbon, Portugal",https://stackoverflow.com/jobs/538606
Senior Backend Software Engineer (m/w/d),Ben Fleet Services GmbH,"Berlin, Deutschland",https://stackoverflow.com/jobs/531224
"Technical Data Specialist (GCP, AWS, Splunk)",SKY Group,"Isleworth, UK",https://stackoverflow.com/jobs/531222
Frontend Engineer - Join us and help build revolutionary cancer therapies,Anocca AB,"Stockholm, Sweden",https://stackoverflow.com/jobs/528389
"Senior Open Source Developer & DevOps (Python, Django, AWS, OpenStack)",OpenCraft,No office location,https://stackoverflow.com/jobs/453430
Senior BI Developer,BET Software,"Umhlanga, South Africa",https://stackoverflow.com/jobs/531183
Senior Software Developer - Front End,Sanger Institute,"Hinxton, UK",https://stackoverflow.com/jobs/538584
Full Stack Software Engineer - ESG - AM Research Technology,"JPMorgan Chase Bank, N.A.","London, UK",https://stackoverflow.com/jobs/538473
Senior Backend (Ruby / Elixir) Developer,Scripbox,"Bengaluru, India",https://stackoverflow.com/jobs/129385
Backend (Ruby / Elixir) Developer,Scripbox,"Bengaluru, India",https://stackoverflow.com/jobs/463464
Senior Fullstack Developer / Software Developer,Flo Energy,Singapore,https://stackoverflow.com/jobs/448287
Senior WordPress Engineer (Remote),XWP,No office location,https://stackoverflow.com/jobs/507941
Senior Cloud Python Developer,Railroad19,No office location,https://stackoverflow.com/jobs/531130
Python Architect - REMOTE WORK,BairesDev LLC,No office location,https://stackoverflow.com/jobs/538377
Python Developer - REMOTE WORK,BairesDev LLC,No office location,https://stackoverflow.com/jobs/538376
Development Team Leader,TVSquared,"Edinburgh, UK",https://stackoverflow.com/jobs/507642
Software Engineer (Full Stack) - Internal Tools,Apple,"San Diego, CA",https://stackoverflow.com/jobs/536793
Senior Software Developer Python (m/f/d),Ströer Online Marketing,"Hamburg, Deutschland",https://stackoverflow.com/jobs/462625
Senior Software Engineer/Team Lead (PHP) - Email Marketing/CRM,NFQ Technologies,"Vilnius, Lithuania",https://stackoverflow.com/jobs/538296
Front End Developer,Greenhost,"Amsterdam, Netherlands",https://stackoverflow.com/jobs/524919
Senior Python Developer,CouponCabin,"Chicago, IL",https://stackoverflow.com/jobs/266372
Full Stack Developer (Django + React),Self Decode,No office location,https://stackoverflow.com/jobs/524866
Backend Software Engineer,Chaturbate,"San Francisco, CA",https://stackoverflow.com/jobs/537944
Senior Back End Engineer (Remote-LatAm),Loadsmart,No office location,https://stackoverflow.com/jobs/508341
Founding Engineer - Backend Developer,BharatX,"Bengaluru, India",https://stackoverflow.com/jobs/538114
Java Fullstack Developer (m/f/d) – Remote in Europe possible,Proemion,No office location,https://stackoverflow.com/jobs/538113
Javascript Developer (React.js/Node.js),Imaginary Cloud,"Lisbon, Portugal",https://stackoverflow.com/jobs/538102
Product Designer UX/UI (m/f/d) - Hamburg or Amsterdam,Fashion Cloud,"Hamburg, Germany",https://stackoverflow.com/jobs/524819
Senior Full-Stack JavaScript Developer,Jibble,No office location,https://stackoverflow.com/jobs/538073
Back-End Developer (Integrations),Jibble,No office location,https://stackoverflow.com/jobs/538071
Python/Django Developer - Corporate Sector | CCB Finance Technology,"JPMorgan Chase Bank, N.A.","Plano, TX",https://stackoverflow.com/jobs/538006
Senior Backend Developer,Marketcircle,No office location,https://stackoverflow.com/jobs/530906
Staff Engineer - Frontend,BenchSci,"Toronto, ON, Canada",https://stackoverflow.com/jobs/520677
Senior Full Stack Engineer,BenchSci,"Toronto, ON, Canada",https://stackoverflow.com/jobs/520675
DevOps Engineer - enable the delivery of bioinformatics training courses,European Bioinformatics Institute (EMBL-EBI),"Hinxton, UK",https://stackoverflow.com/jobs/537904
Front-End Developer,Imaginary Cloud,"Lisbon, Portugal",https://stackoverflow.com/jobs/537898
(Senior) Frontend Engineer,Bowtie Life Insurance Company Limited,No office location,https://stackoverflow.com/jobs/537852
"Technical Data Specialist (GCP, AWS, Splunk)",SKY Group,"Isleworth, UK",https://stackoverflow.com/jobs/528293
Haussa Django -kehittäjiä ympäri Suomen,Sitowise,"Espoo, Finland",https://stackoverflow.com/jobs/488338
Full-stack / front-end / back-end -kehittäjiä luomaan älykkäitä kaupunkeja,Sitowise,"Espoo, Finland",https://stackoverflow.com/jobs/488336
Software Engineer,On,"Berlin, Germany",https://stackoverflow.com/jobs/537829
"Software Developers for our offices in Germany, France, and UK",Evotec SE,"Hamburg, Germany",https://stackoverflow.com/jobs/524299
"Software-Developers for our offices in Germany, France, and UK",Evotec SE,"Göttingen, Germany",https://stackoverflow.com/jobs/522865
Database Developer -PostgreSQL,"Confluence Technologies, Inc.","London, UK",https://stackoverflow.com/jobs/537695
Senior Python Engineer,Huxley Banking & Financial ServicesviaHuxley (US),"Boston, MA",https://stackoverflow.com/jobs/524663
Platform Engineer,Dataquest,No office location,https://stackoverflow.com/jobs/524658
Full Stack Developer - Remote,Top Hat,"Montreal, QC, Canada",https://stackoverflow.com/jobs/506442
"Senior Backend Engineer, Infrastructure",Chaturbate,"Los Angeles, CA",https://stackoverflow.com/jobs/524532
Software Development Manager - Giftcards R8967,"Chewy, Inc.","Minneapolis, MN",https://stackoverflow.com/jobs/528236
Senior DevOps Engineer (Remote),HireVue,"Raleigh, NC",https://stackoverflow.com/jobs/537674
Senior Software Engineer-Giftcards Team R10652,"Chewy, Inc.","Boston, MA",https://stackoverflow.com/jobs/528235
Senior Software Engineer - Backend (Remote),HireVue,"Raleigh, NC",https://stackoverflow.com/jobs/537673
Backend Engineer,Density,No office location,https://stackoverflow.com/jobs/528230
Frontend Engineer,Addison Group,"Pacifica, CA",https://stackoverflow.com/jobs/524643
Linux System Administrator,Vail Systems Inc.,"Deerfield, IL",https://stackoverflow.com/jobs/528217
Senior Software Engineer - Pet Profiles - R10199,"Chewy, Inc.","Seattle, WA",https://stackoverflow.com/jobs/524625
Backend Developer (WORK REMOTELY ANYWHERE IN EUROPE),InterNations,"Munich, Germany",https://stackoverflow.com/jobs/534015
Senior Software Engineer - Python,Andela,No office location,https://stackoverflow.com/jobs/528156
Back-End Developer (i.e. Python),Imaginary Cloud,"Lisbon, Portugal",https://stackoverflow.com/jobs/537607
Senior Frontend Software Engineer,Chaturbate,"San Francisco, CA",https://stackoverflow.com/jobs/524548
Python Backend Engineer,Skillhouse Staffing Solutions,"Tokyo, Japan",https://stackoverflow.com/jobs/465919
Principal Software Engineer (Fully Remote) E-Comm experience required,The RealReal,"San Francisco, CA",https://stackoverflow.com/jobs/524509
Software Engineer,Casavo Management SpA,"Milan, Italy",https://stackoverflow.com/jobs/524500
Python Developer,UKG (Ultimate Kronos Group),No office location,https://stackoverflow.com/jobs/487629
Java Developer,UKG (Ultimate Kronos Group),No office location,https://stackoverflow.com/jobs/487627
Experienced Ruby Developer,SimplePay,No office location,https://stackoverflow.com/jobs/516780
Senior Cyber Defense Engineer,The RealReal,No office location,https://stackoverflow.com/jobs/530709
"Engineering Manager, Elixir Dev Team, 100% remote",The RealReal,No office location,https://stackoverflow.com/jobs/530707
Staff Software Engineer - OPEN TO REMOTE,The RealReal,No office location,https://stackoverflow.com/jobs/530699
Lead Product Designer,OneMain Financial,"Charlotte, NC",https://stackoverflow.com/jobs/530693
Backenddeveloper with PHP / Symfony 4,roadsurfer GmbH,"München, Deutschland",https://stackoverflow.com/jobs/504969
Frontenddeveloper with vue.js / Experienced with TDD and Docker,roadsurfer GmbH,"München, Deutschland",https://stackoverflow.com/jobs/504968
Senior Software Developer (Backend),Zymewire,No office location,https://stackoverflow.com/jobs/530535
Director of Engineering (Hong Kong based),Bowtie Life Insurance Company Limited,Hong Kong,https://stackoverflow.com/jobs/520027
Quality Assurance Analyst,"Confluence Technologies, Inc.","Cape Town, South Africa",https://stackoverflow.com/jobs/527892
Senior Software Engineer,ComplyAdvantage,"London, UK",https://stackoverflow.com/jobs/504650
Backend Engineer,Akselos S.A.,"Lausanne, Switzerland",https://stackoverflow.com/jobs/519931
Software Developer - Remote,Tutuka,No office location,https://stackoverflow.com/jobs/537276
"Node.js/Terraform/AWS Backend Engineer, Digital Products (remote)",Superformula,No office location,https://stackoverflow.com/jobs/461416
Senior Software Engineer,NowPow,"Chicago, IL",https://stackoverflow.com/jobs/537082
Senior Full Stack Developer (with DevOps focus),Consultant Connect,"Oxford, UK",https://stackoverflow.com/jobs/527843
Senior Java Developer,SKY Group,"Isleworth, UK",https://stackoverflow.com/jobs/537075
Senior App Developer (with full stack breadth),Consultant Connect,"Oxford, UK",https://stackoverflow.com/jobs/527831
Senior Python Developer,"Gorilla Logic, Inc.","Medellín, Colombia",https://stackoverflow.com/jobs/519609
Senior Software Engineer (m/w/d) Python,Cornelsen Verlag GmbH,"Berlin, Deutschland",https://stackoverflow.com/jobs/537066
Principal Python Engineer,ComplyAdvantage,"London, UK",https://stackoverflow.com/jobs/504216
Senior Developer (Python/Django)- Remote,JBS Custom Software Solutions,No office location,https://stackoverflow.com/jobs/528408
Senior Game Programmer,Double Eleven,"Kuala Lumpur, Malaysia",https://stackoverflow.com/jobs/527744
Senior Dev-op,Earth2.io,"Brisbane, Australia",https://stackoverflow.com/jobs/537039
Senior UI/UX Developer,Earth2.io,"Brisbane, Australia",https://stackoverflow.com/jobs/537038
Data Engineer (Data Warehouse),NFQ Technologies,"Vilnius, Lithuania",https://stackoverflow.com/jobs/530433
Full Stack Software Engineer - ESG - AM Research Technology,"JPMorgan Chase Bank, N.A.","London, UK",https://stackoverflow.com/jobs/536892
Senior Python Developer - Spekit - High Growth Series A Startup,SpekitviaSource Coders,No office location,https://stackoverflow.com/jobs/536887
Senior Frontend Engineer - Databento (Fully Remote),Unusual Ventures,No office location,https://stackoverflow.com/jobs/524277
Senior Full-stack Django and React Developer,Scalable Path,No office location,https://stackoverflow.com/jobs/536875
"Java Engineer, Delivery Experience-R8564","Chewy, Inc.","Boston, MA",https://stackoverflow.com/jobs/527582
Senior DevOps Systems Engineer,"Ciber Global, LLC","Orlando, FL",https://stackoverflow.com/jobs/519223
Python Developer (Remote),Finsera,No office location,https://stackoverflow.com/jobs/524065
Head of Engineering- Virtual Bundling (R8532),"Chewy, Inc.","Minneapolis, MN",https://stackoverflow.com/jobs/519119
Staff Software Engineer - New Vertical Pet Health-R8301,"Chewy, Inc.","Boston, MA",https://stackoverflow.com/jobs/519108
Staff Software Engineer - New Vertical Pet Health (R8301),"Chewy, Inc.","Minneapolis, MN",https://stackoverflow.com/jobs/519106
Help reinvent industrial supply! Full-Stack Developer position open in Mexico,Pentalog,"Guadalajara, Mexico",https://stackoverflow.com/jobs/536810
Software Engineer - Frontend,ZALORA,"Ho Chi Minh City, Vietnam",https://stackoverflow.com/jobs/536783
Python/Django Developer (Remote),Soshace LLC,No office location,https://stackoverflow.com/jobs/536777
Senior Full Stack Developer,Enote GmbH,"Berlin, Deutschland",https://stackoverflow.com/jobs/530337
Senior Full Stack Developer,Earth2.io,"Brisbane, Australia",https://stackoverflow.com/jobs/536706
Security & DevOps Engineer,NowPow,"Chicago, IL",https://stackoverflow.com/jobs/536615
Senior Machine Learning Engineer,StyleSeat,No office location,https://stackoverflow.com/jobs/530297
"React/Vue Engineer, Digital Consumer Products, fully remote",Superformula,No office location,https://stackoverflow.com/jobs/461414
Network Engineer,The RealReal,"Phoenix, AZ",https://stackoverflow.com/jobs/536588
Senior Full-Stack Django/Python Developer (Fully remote),Uncommon Giving,No office location,https://stackoverflow.com/jobs/530285
Backend Engineer (Python/APIs),Belvo Technologies,No office location,https://stackoverflow.com/jobs/536582
Data Scientist / Senior Data Scientist (Jakarta or Singapore),Lynx Analytics,Singapore,https://stackoverflow.com/jobs/408159
Remote Fullstack Entwicklerin (m/w/d),Ambient,"Köln, Germany",https://stackoverflow.com/jobs/536559
Backend Engineer (Python/ Django),Sector Labs,"Dubai, United Arab Emirates",https://stackoverflow.com/jobs/518496
Senior Python/Django Full-stack Developer,Apicbase Belgium,No office location,https://stackoverflow.com/jobs/515716
Full Stack Engineer (React & Django),Sector Labs,"Cluj-Napoca, Romania",https://stackoverflow.com/jobs/518486
Software Engineer (m/w/d) Connected Solutions,Fiducia & GAD IT AG,"Münster, Deutschland",https://stackoverflow.com/jobs/530241
Full Stack Developer - Remote,Top Hat,"Toronto, ON, Canada",https://stackoverflow.com/jobs/471357
(Remote) Senior Mobile Engineer (iOS & Android),Float.com,"New York, NY",https://stackoverflow.com/jobs/536331
DevOps Engineer,Actio,"Berlin, Germany",https://stackoverflow.com/jobs/536312
"100% Remote | Senior React, React Native, or Node Developer | Forever Remote",G2i Inc,No office location,https://stackoverflow.com/jobs/516148
Computer Scientist / IT Specialist as developer (m/f) Ruby on Rails,Hüttig & Rompf AG,"Frankfurt am Main, Deutschland",https://stackoverflow.com/jobs/143409
Senior Python Developer,Marketer Technologies AS,"Oslo, Norway",https://stackoverflow.com/jobs/518200
Senior  Automation Tester,SKY Group,"Isleworth, UK",https://stackoverflow.com/jobs/536303
Full Stack Engineer,On,"Berlin, Germany",https://stackoverflow.com/jobs/486363
(Junior) Frontend React Engineer (m/f/x),Alasco,"München, Germany",https://stackoverflow.com/jobs/348995
Full-Stack Web Developer,Hades Technologies AG,"Zürich, Switzerland",https://stackoverflow.com/jobs/518151
Backend developer (Python/Django) with a passion for open source,5 Monkeys Agency ABvia5 Monkeys Agency AB,"Göteborg, Sweden",https://stackoverflow.com/jobs/518076
Backend developer (Python/Django) with a passion for open source,5 Monkeys Agency ABvia5 Monkeys Agency AB,"Stockholm, Sweden",https://stackoverflow.com/jobs/518075
"SENIOR FULL-STACK DEV WITH RUBY / PYTHON / REACT NATIVE -- 100% REMOTE, FLEXIBLE",Analytics Fire,No office location,https://stackoverflow.com/jobs/517987
Frontend Developer (Vue.js),The Motley Fool Inc,No office location,https://stackoverflow.com/jobs/536121
Data Science and Analytics Engineer,MITRE,"McLean, VA",https://stackoverflow.com/jobs/523959
Intertoob Scanner Builder (Fullstack Engineer),Carve Systems,"Golden, CO",https://stackoverflow.com/jobs/517498
Enterprise & Cloud Security Engineer - REMOTE OK,The RealReal,"San Francisco, CA",https://stackoverflow.com/jobs/536113
Full Stack Engineer - Javascript/Python,Zumper,"Providence, RI",https://stackoverflow.com/jobs/446582
Senior Marketing Software Engineer (Python) - 5605,"Chewy, Inc.","Dania Beach, FL",https://stackoverflow.com/jobs/501814
Forever Remote Position | 100% Remote Node Engineer | G2i Collective,G2i Inc,No office location,https://stackoverflow.com/jobs/405883
Backend Developer,AudioValley,"Paris, France",https://stackoverflow.com/jobs/518186
Engineering Lead - Cairo - Egypt,Vezeeta,"Masr Al Jadidah, Egypt",https://stackoverflow.com/jobs/373791
"Software Development Manager, Content & Blogging Platform (R8214)","Chewy, Inc.","Minneapolis, MN",https://stackoverflow.com/jobs/523906
"Senior Software Engineer, Java (Pet Health)-R8422","Chewy, Inc.","Dania Beach, FL",https://stackoverflow.com/jobs/523902
Senior Java Software Engineer - Pet Health (R8422),"Chewy, Inc.","Minneapolis, MN",https://stackoverflow.com/jobs/523901
Front-end React Developer,TelSmart,"Zagreb, Croatia",https://stackoverflow.com/jobs/470563
Senior Full-Stack Developer,Lastmile Retail,No office location,https://stackoverflow.com/jobs/523843
Decision Engineering Software Developer,Intel Corporation,"Phoenix, AZ",https://stackoverflow.com/jobs/530204
Senior Full-Stack Django/Python Developer,"Share Edge, LLC","Manhattan Beach, CA",https://stackoverflow.com/jobs/501234
Sr. Full Stack Developer in MedTech (m/f/d) - (Help build new team),Smart Reporting GmbH,"State of Minas Gerais, Brazil",https://stackoverflow.com/jobs/331710
Junior DevOps / Cloud Engineer,Werum IT Solutions - inCyght Data Science,No office location,https://stackoverflow.com/jobs/492547
Software Engineer,General Dynamics UK,No office location,https://stackoverflow.com/jobs/527169
Principal Full Stack Engineer,Sector Labs,"Cluj-Napoca, Romania",https://stackoverflow.com/jobs/517511
Senior Full Stack Engineer,Sector Labs,"Cluj-Napoca, Romania",https://stackoverflow.com/jobs/517510
Senior Full Stack Engineer (Remote),Sector Labs,No office location,https://stackoverflow.com/jobs/517508
Senior Software Engineer (Remote),Rippling,No office location,https://stackoverflow.com/jobs/517387
HPC Engineer,European Bioinformatics Institute (EMBL-EBI),"Hinxton, UK",https://stackoverflow.com/jobs/517383
Senior Software Engineer (PHP) - Finance,NFQ Technologies,"Vilnius, Lithuania",https://stackoverflow.com/jobs/500618
Full Stack Developer Python (m/w/d),Getränke Hoffmann GmbH,"Blankenfelde-Mahlow OT Groß Kienitz, Deutschland",https://stackoverflow.com/jobs/529969
Senior Front End developer,Apicbase Belgium,No office location,https://stackoverflow.com/jobs/526988
Senior Frontend Engineer,Singapore Innovate Pte. Ltd,Singapore,https://stackoverflow.com/jobs/529920
SW developer for business intelligence tools,Intel Corporation,"Guadalajara, Mexico",https://stackoverflow.com/jobs/529916
Senior Full Stack / Back-End App Developer,Arva Intelligence,No office location,https://stackoverflow.com/jobs/517111
Mid Level or Senior Backend Engineer - Spring,SpringviaSource Coders,No office location,https://stackoverflow.com/jobs/530026
Senior Software Engineer,Property Meld,No office location,https://stackoverflow.com/jobs/535574
Senior Fullstack Developer with strong Front End capabilities,Mimecast,"Torun, Poland",https://stackoverflow.com/jobs/529874
Senior Software Engineer - Giftcards- R8969,"Chewy, Inc.","Minneapolis, MN",https://stackoverflow.com/jobs/529861
Senior Full-stack Web Developer,F-Secure,"Basingstoke, UK",https://stackoverflow.com/jobs/535566
Python Engineer (f/m/x),AUTO1,"Berlin, Germany",https://stackoverflow.com/jobs/529846
Senior Full Stack Software Engineer,BRG - The GAT Team,No office location,https://stackoverflow.com/jobs/535487
Full Stack Developer with an interest in FinTech,Isabel Group,"Leuven, Belgium",https://stackoverflow.com/jobs/535497
React Native Mobile Engineer,Candide Limited,"Bristol, UK",https://stackoverflow.com/jobs/506413
Backend Developer (m/w/d),Octopus Energy,"Munich, Germany",https://stackoverflow.com/jobs/529736
Engineering Manager,ZALORA,Singapore,https://stackoverflow.com/jobs/535352
Senior Backend Engineer,Penn Interactive Ventures,"Philadelphia, PA",https://stackoverflow.com/jobs/472047
Full Stack Java Developer,"Ciber Global, LLC",No office location,https://stackoverflow.com/jobs/535335
C# Software Developer,"Confluence Technologies, Inc.","Cape Town, South Africa",https://stackoverflow.com/jobs/529676
Front-end React Developer,TelSmart,"Zagreb, Croatia",https://stackoverflow.com/jobs/529666
Python Backend Developer (m/f/d) Vollzeit / Teilzeit,Favox GmbH,"Hamburg, Deutschland",https://stackoverflow.com/jobs/516375
Oracle Cloud Functional Developer-R9043,"Chewy, Inc.","Dania Beach, FL",https://stackoverflow.com/jobs/535300
Oracle Cloud Functional Developer-R9043,"Chewy, Inc.","Boston, MA",https://stackoverflow.com/jobs/535299
Front-end Developer,Brainomix,"Oxford, UK",https://stackoverflow.com/jobs/516349
Full Stack Developer (m/f/div),Max-Planck-Institut für Sonnensystemforschung,"Göttingen, Deutschland",https://stackoverflow.com/jobs/535274
Bioinformatician/Software Developer,Centogene GmbH,"Berlin, Germany",https://stackoverflow.com/jobs/535245
Bioinformatician/Software Developer,Centogene GmbH,"Beograd, Serbia",https://stackoverflow.com/jobs/535243
Fullstack Python Developer,Cegeka Group,"Hasselt, Belgium",https://stackoverflow.com/jobs/529616
"Associate Engineering Manager, Ruby/Elixir, Remote",The RealReal,No office location,https://stackoverflow.com/jobs/535046
Senior Node/React Full-Stack Developer,"Gorilla Logic, Inc.",No office location,https://stackoverflow.com/jobs/523491
Staff Software Engineer (Ruby OR  Elixir OR Erlang),The RealReal,No office location,https://stackoverflow.com/jobs/523471
"Full Stack Developer, CMS","U.S. News & World Report, Inc.",No office location,https://stackoverflow.com/jobs/468941
Backend Developer Django,ValueWorks GmbH,No office location,https://stackoverflow.com/jobs/529570
"Full Stack Developer (TypeScript, React)",CYBERTEC PostgreSQL International GmbH,"Wiener Neustadt, Austria",https://stackoverflow.com/jobs/523397
Solution Architect eCommerce (m/w/x),ALDI International Services GmbH & Co. oHG,"Mülheim, Germany",https://stackoverflow.com/jobs/534959
Senior Platform Engineer,Aiven Australia Pty Ltd,"The Rocks, Australia",https://stackoverflow.com/jobs/483232
Senior Cloud Engineer- R9726,"Chewy, Inc.","Bellevue, WA",https://stackoverflow.com/jobs/534775
Senior Cloud Engineer- R9726,"Chewy, Inc.","Boston, MA",https://stackoverflow.com/jobs/534774
React Front End Developer,"Daupler, Inc.","Kansas City, MO",https://stackoverflow.com/jobs/523351
"Python Back End Developer (FastAPI, Django, Celery)","Daupler, Inc.","Kansas City, MO",https://stackoverflow.com/jobs/523350
Analytics Software Engineer,NowPow,"Chicago, IL",https://stackoverflow.com/jobs/534768
Proficient PHP/Symfony Developer,roadsurfer GmbH,"München, Deutschland",https://stackoverflow.com/jobs/497587
Senior Backend Engineer - Python,Cornershop,"São Paulo, Brazil",https://stackoverflow.com/jobs/515697
Senior Developer,Care Solace,"Encinitas, CA",https://stackoverflow.com/jobs/534756
Full Stack Web Developer,Simons Foundation,"New York, NY",https://stackoverflow.com/jobs/534754
Senior Backend Engineer,Zumper,"Providence, RI",https://stackoverflow.com/jobs/446579
Senior Software Engineer - Full Stack and Front End,Carex Consulting GroupviaCarex Consulting Group,No office location,https://stackoverflow.com/jobs/534741
(Senior) Frontend React Developer (m/f/x),Alasco,"München, Germany",https://stackoverflow.com/jobs/388313
Backend Software Engineer,Actio,"Berlin, Germany",https://stackoverflow.com/jobs/534710
Data Engineer / Senior Data Engineer (Singapore),Lynx Analytics,Singapore,https://stackoverflow.com/jobs/434352
Back-End Developer (i.e. Node.js),Imaginary Cloud,"Lisbon, Portugal",https://stackoverflow.com/jobs/534699
"Senior Backend Developer (m/w), Zurich",MoneyPark,"Zürich, Switzerland",https://stackoverflow.com/jobs/534688
Senior Software Developer (Full Stack),Jewel Paymentech Pte Ltd,Singapore,https://stackoverflow.com/jobs/534474
"Software Engineer, Bioinformatics - Hypergrowth Biotech startup helping dogs!",Embark Veterinary Inc.,"Boston, MA",https://stackoverflow.com/jobs/526659
Software Engineer - Hypergrowth Biotech startup helping dogs!,Embark Veterinary Inc.,"Boston, MA",https://stackoverflow.com/jobs/526658
Lead Software Engineer - Hypergrowth Biotech startup helping dogs!,Embark Veterinary Inc.,"Boston, MA",https://stackoverflow.com/jobs/510445
Senior Software Engineer,SoundExchange,No office location,https://stackoverflow.com/jobs/496069
Principal Software Engineer- R9380,"Chewy, Inc.","Boston, MA",https://stackoverflow.com/jobs/526633
Principal Software Engineer (R9380),"Chewy, Inc.","Minneapolis, MN",https://stackoverflow.com/jobs/526632
Experienced Java Software Engineer (f/m/d),Transporeon GmbH,"Ulm, Germany",https://stackoverflow.com/jobs/534482
Software Development Project Lead - Genomics,European Bioinformatics Institute (EMBL-EBI),"Hinxton, UK",https://stackoverflow.com/jobs/526487
Senior Frontend Developer,scoutbee GmbH,"Berlin, Germany",https://stackoverflow.com/jobs/432930
Python Developer (Remote),X-Team,No office location,https://stackoverflow.com/jobs/534454
Senior Frontend Developer needed to save the planet,The Sustainables BV,"Amsterdam, Netherlands",https://stackoverflow.com/jobs/533989
Full Stack Developer,Ensign InfoSecurity (Cybersecurity) Pte Ltd,Singapore,https://stackoverflow.com/jobs/534276
Embedded Software Engineer,Addison Group,"San Jose, CA",https://stackoverflow.com/jobs/526429
Senior Software Quality Assurance Tester,Energy Worldnet,"Decatur, TX",https://stackoverflow.com/jobs/522960
Software Developer,TVSquared,"Edinburgh, UK",https://stackoverflow.com/jobs/497546
Senior Engineer - Typescript (f/m/d),Forto GmbH,"Berlin, Germany",https://stackoverflow.com/jobs/529324
Software Engineer I,Energy Worldnet,"Decatur, TX",https://stackoverflow.com/jobs/529297
DevOps Engineer for Awesome SaaS,"Lead Sherpa, Inc.","Golden, CO",https://stackoverflow.com/jobs/522690
Backend Developer,Octopus Energy,"London, UK",https://stackoverflow.com/jobs/197943
Node.js Engineer (m/f/d),Fashion Cloud,"Hamburg, Germany",https://stackoverflow.com/jobs/521823
Python/Django Developer (f/m/d),TeleClinic GmbH,"München, Deutschland",https://stackoverflow.com/jobs/514324
Django Engineer (m/f) for Germany's leading local marketing platform,RegioHelden GmbH,"Stuttgart, Deutschland",https://stackoverflow.com/jobs/420093
Senior Python/Django Backend Engineer (f/m/d) - Permanent & full time,Mika,"Berlin, Deutschland",https://stackoverflow.com/jobs/529232
Python Dev Virtual Lecturer (m/f/d) Remote,DCI - Digital Career Institute gGmbH,No office location,https://stackoverflow.com/jobs/336355
Database Engineer - Aurora PostgreSQL,"Confluence Technologies, Inc.","Cape Town, South Africa",https://stackoverflow.com/jobs/534058
Senior Backend Engineer - Python - México,Cornershop by Uber,No office location,https://stackoverflow.com/jobs/526139
"Senior Software Engineer, UI- Pet Health- R8094","Chewy, Inc.","Minneapolis, MN",https://stackoverflow.com/jobs/513973
"Senior Software Engineer, UI - Pet Health-R8094","Chewy, Inc.","Boston, MA",https://stackoverflow.com/jobs/513971
Senior Backend Software Engineer,Circunomics GmbH,"Frankfurt, Germany",https://stackoverflow.com/jobs/526117
Senior Full Stack Engineer,Versatile Natures,"Tel Aviv-Yafo, Israel",https://stackoverflow.com/jobs/513775
Python Developer,AlertacallviaHays PLC,"Windermere, UK",https://stackoverflow.com/jobs/529157
Software Engineer (Backend) (m/f/d),QuantCo,"Berlin, Germany",https://stackoverflow.com/jobs/409511
(Senior) Backend Python Developer (m/f/x),Alasco,"München, Germany",https://stackoverflow.com/jobs/388312
Software Engineer - Backend (Java),Tutuka,No office location,https://stackoverflow.com/jobs/533976
Senior Software Engineer (Remote; Python; Go; AWS),Apli Mexico S de RL de CV,No office location,https://stackoverflow.com/jobs/504966
Senior .Net Developer,Inversion Limited,No office location,https://stackoverflow.com/jobs/391600
Senior Java Software Engineer (f/m/d),Transporeon GmbH,"Ulm, Germany",https://stackoverflow.com/jobs/533781
Senior Frontend Engineer,XWP,No office location,https://stackoverflow.com/jobs/513454
Laravel Jedi,Creative Force Ltd,No office location,https://stackoverflow.com/jobs/527987
Backend Developer (Django),Self Decode,No office location,https://stackoverflow.com/jobs/529107
Python Backend Developer (m/w/d),sonnen GmbH,"Berlin, Deutschland",https://stackoverflow.com/jobs/530609
Python Software Engineer,bloomon,"Amsterdam, Netherlands",https://stackoverflow.com/jobs/515564
Frontend Developer,Octopus Energy,"London, UK",https://stackoverflow.com/jobs/533659
Backend Developer - APIs Team,Octopus Energy,"London, UK",https://stackoverflow.com/jobs/533658
Web Developer (Full Stack),Singapore Innovate Pte. Ltd,Singapore,https://stackoverflow.com/jobs/533656
Senior Software Engineer / Ruby or Elixir/ Full-Stack/ Remote,The RealReal,No office location,https://stackoverflow.com/jobs/522850
Sr. Full Stack Engineer- Python,AutoTrader,"Toronto, ON, Canada",https://stackoverflow.com/jobs/529021
Senior Full Stack Software Engineer,Flashpoint,No office location,https://stackoverflow.com/jobs/533448
Node.js Engineer (m/f/d),Fashion Cloud,"Amsterdam, Netherlands",https://stackoverflow.com/jobs/460037
Senior Software Engineer,ZALORA,"Quận 4, Vietnam",https://stackoverflow.com/jobs/512674
Senior Full-Stack Engineers,Kanopi,"Collingwood North, Australia",https://stackoverflow.com/jobs/522706
Senior Java Software Engineer - Pet Health-R8422,"Chewy, Inc.","Boston, MA",https://stackoverflow.com/jobs/512385
Senior Fullstack Engineer - Python / Django / React,StyleSeat,No office location,https://stackoverflow.com/jobs/522691
Full Stack Python / Django / React Dev for Awesome Saas,"Lead Sherpa, Inc.","Denver, CO",https://stackoverflow.com/jobs/522688
Software Architect (Django/Flask + React),Self Decode,No office location,https://stackoverflow.com/jobs/522628
Senior Backend Engineer,Pollen,"London, UK",https://stackoverflow.com/jobs/522622
Digital - API - Lead Software Engineer - SDKs and Connectors,FactSet,"Boston, MA",https://stackoverflow.com/jobs/465686
Senior Devops Engineer,Yescapa,"Bordeaux, France",https://stackoverflow.com/jobs/533140
Technical Lead (Backend) (M/F/D),VMRay,"Bochum, Deutschland",https://stackoverflow.com/jobs/443585
Software-/ Data Engineer (m/w/d),DJE Kapital AG',"Pullach, Germany",https://stackoverflow.com/jobs/533098
Software Engineer_Backend,DKatalis,"Pune, India",https://stackoverflow.com/jobs/522566
Front-End Software Engineer - Global Health Data Platform,DHIS2,"Oslo, Norway",https://stackoverflow.com/jobs/147424
Senior Java Software Engineer - Remote - Global Health Platform,DHIS2,"Oslo, Norway",https://stackoverflow.com/jobs/149129
Senior Backend & MLOps Engineer (m/f/d),Motius GmbH,"München, Deutschland",https://stackoverflow.com/jobs/510711
Senior Full Stack Engineer,Balto Software,No office location,https://stackoverflow.com/jobs/478822
JavaScript Developer,Kinsta,No office location,https://stackoverflow.com/jobs/522413
Database Engineer,ZALORA,"Kuala Lumpur, Malaysia",https://stackoverflow.com/jobs/522390
"Software Development Manager, Gift Cards- R8967","Chewy, Inc.","Minneapolis, MN",https://stackoverflow.com/jobs/525652
"Software Development Manager, Gift Cards -R8967","Chewy, Inc.","Boston, MA",https://stackoverflow.com/jobs/525651
Python developer for VoIP service provider,TelSmart,"Zagreb, Croatia",https://stackoverflow.com/jobs/435753
Senior Full Stack Developer,OnCall Health,"Toronto, ON, Canada",https://stackoverflow.com/jobs/522342
Software Engineer,ComplyAdvantage,"London, UK",https://stackoverflow.com/jobs/527835
Senior Python Developer Remote (f/m/d),Ambient,No office location,https://stackoverflow.com/jobs/493874
Full-Stack Engineer (f/m/d),VoiceLine,"Munich, Germany",https://stackoverflow.com/jobs/522166
Frontend Engineer (f/m/d),VoiceLine,"Munich, Germany",https://stackoverflow.com/jobs/522164
"Senior Data Engineer, Storefront Experience-R9198","Chewy, Inc.","Boston, MA",https://stackoverflow.com/jobs/509447
Full Stack Engineer- Marketing Engineering (CMS)-R8172,"Chewy, Inc.","Seattle, WA",https://stackoverflow.com/jobs/509445
Software Developer (m/f/d) C#,ENERCON GmbH,"Bremen, Deutschland",https://stackoverflow.com/jobs/528655
Senior Back-End Developer (Ruby),Hays TechnologyviaHays PLC,No office location,https://stackoverflow.com/jobs/522495
Solution Architect Marketing Solution (m/w/x),ALDI International Services GmbH & Co. oHG,"Mülheim, Germany",https://stackoverflow.com/jobs/528587
UX/UI Designer (m/w/x),ALDI International Services GmbH & Co. oHG,"Mülheim, Germany",https://stackoverflow.com/jobs/528586
Quality Assurance Engineer - Website und Content & Asset Management (m/w/x),ALDI International Services GmbH & Co. oHG,"Mülheim, Germany",https://stackoverflow.com/jobs/528583
Frontend Architect - Customer Facing Solutions (m/w/x),ALDI International Services GmbH & Co. oHG,"Mülheim, Germany",https://stackoverflow.com/jobs/528582
Senior Software Developer,"Bankhead Technologies, Inc.","Las Vegas, NV",https://stackoverflow.com/jobs/491988
Software Engineer II - Android,Outside,No office location,https://stackoverflow.com/jobs/531580
Software Engineer – React,LifeOmic,"Indianapolis, IN",https://stackoverflow.com/jobs/519007
Fullstack Developer (f/m/d),TeleClinic GmbH,"München, Deutschland",https://stackoverflow.com/jobs/508937
"Senior Back-End Engineer (Python, Django, AWS, React)",Tuune,"London, UK",https://stackoverflow.com/jobs/521987
(Senior) DevOps Cloud / AWS Engineer (m/f/x),Alasco,"München, Germany",https://stackoverflow.com/jobs/521980
Principal Software Engineer,ZALORA,"Phường 13, Vietnam",https://stackoverflow.com/jobs/521978
Front End Software Developer (remote - EU),Optimile,"Ghent, Belgium",https://stackoverflow.com/jobs/531498
IT Service Management Consultant (m/w/x),ALDI International Services GmbH & Co. oHG,"Mülheim, Germany",https://stackoverflow.com/jobs/531480
IT Business Analyst eCommerce Fulfilment (m/w/x),ALDI International Services GmbH & Co. oHG,"Mülheim, Germany",https://stackoverflow.com/jobs/531441
IT-Business Analyst - Supply Chain Modelling / LLamasoft (m/w/x),ALDI International Services GmbH & Co. oHG,"Mülheim, Germany",https://stackoverflow.com/jobs/531440
Release & Deployment Manager (m/w/x),ALDI International Services GmbH & Co. oHG,"Mülheim, Germany",https://stackoverflow.com/jobs/531437
IT-Business Analyst Transportation Management Systems (m/w/x),ALDI International Services GmbH & Co. oHG,"Mülheim, Germany",https://stackoverflow.com/jobs/531436
IT-Business Analyst Warehouse Management Systems (m/w/x),ALDI International Services GmbH & Co. oHG,"Mülheim, Germany",https://stackoverflow.com/jobs/531435
IT Business Analyst Supply Chain Management (m/w/x),ALDI International Services GmbH & Co. oHG,"Mülheim, Germany",https://stackoverflow.com/jobs/531434
Full Stack Developer,Spora Health,"Richmond, VA",https://stackoverflow.com/jobs/528455
"Senior Software Engineer - Full-stack (Python, React)",Invitae Corporation,No office location,https://stackoverflow.com/jobs/522534
Software Technical Lead,Invitae Corporation,No office location,https://stackoverflow.com/jobs/522368
